run_at,station,base_time,horizon_h,target_time,y_pred,persistence_pred,algorithm,warmup,pm25_pred,pm25_persistence,ox_pred,ox_persistence,algorithm_pm25,algorithm_ox
2026-09-24 18:30:30,桃園,2026-09-24 18:00:00,1,2026-09-24 19:00:00,,,,False,10.45,9.0,38.51,41.0,RandomForestRegressor,HistGradientBoostingRegressor
2026-09-24 19:30:03,桃園,2026-09-24 19:00:00,1,2026-09-24 20:00:00,,,,False,13.61,16.0,38.86,41.0,RandomForestRegressor,HistGradientBoostingRegressor
2026-09-24 20:36:45,桃園,2026-09-24 20:00:00,1,2026-09-24 21:00:00,,,,False,14.86,16.0,38.11,40.0,RandomForestRegressor,HistGradientBoostingRegressor
2026-09-24 18:30:30,桃園,2026-09-24 18:00:00,3,2026-09-24 21:00:00,,,,False,10.67,9.0,37.42,41.0,RandomForestRegressor,HistGradientBoostingRegressor
2026-09-24 21:31:53,桃園,2026-09-24 21:00:00,1,2026-09-24 22:00:00,,,,False,12.41,11.0,38.16,40.0,RandomForestRegressor,HistGradientBoostingRegressor
2026-09-24 19:30:03,桃園,2026-09-24 19:00:00,3,2026-09-24 22:00:00,,,,False,13.33,16.0,32.93,41.0,RandomForestRegressor,HistGradientBoostingRegressor
2026-09-24 22:32:09,桃園,2026-09-24 22:00:00,1,2026-09-24 23:00:00,,,,False,10.54,11.0,37.03,38.0,RandomForestRegressor,HistGradientBoostingRegressor
2026-09-24 20:36:45,桃園,2026-09-24 20:00:00,3,2026-09-24 23:00:00,,,,False,13.4,16.0,34.64,40.0,RandomForestRegressor,HistGradientBoostingRegressor
2026-09-24 23:31:08,桃園,2026-09-24 23:00:00,1,2026-09-25 00:00:00,,,,False,12.57,14.0,37.22,38.0,RandomForestRegressor,HistGradientBoostingRegressor
2026-09-24 21:31:53,桃園,2026-09-24 21:00:00,3,2026-09-25 00:00:00,,,,False,11.84,11.0,34.54,40.0,RandomForestRegressor,HistGradientBoostingRegressor
2026-09-25 00:31:44,桃園,2026-09-25 00:00:00,1,2026-09-25 01:00:00,,,,False,10.43,12.0,35.58,37.0,RandomForestRegressor,HistGradientBoostingRegressor
2026-09-24 22:32:09,桃園,2026-09-24 22:00:00,3,2026-09-25 01:00:00,,,,False,10.9,11.0,33.24,38.0,RandomForestRegressor,HistGradientBoostingRegressor
2026-09-25 01:28:40,桃園,2026-09-25 01:00:00,1,2026-09-25 02:00:00,,,,False,10.76,12.0,35.36,37.0,RandomForestRegressor,HistGradientBoostingRegressor
2026-09-24 23:31:08,桃園,2026-09-24 23:00:00,3,2026-09-25 02:00:00,,,,False,12.51,14.0,34.85,38.0,RandomForestRegressor,HistGradientBoostingRegressor
2026-09-25 02:33:24,桃園,2026-09-25 02:00:00,1,2026-09-25 03:00:00,,,,False,12.21,11.0,31.31,33.0,RandomForestRegressor,HistGradientBoostingRegressor
2026-09-25 00:31:44,桃園,2026-09-25 00:00:00,3,2026-09-25 03:00:00,,,,False,10.39,12.0,32.83,37.0,RandomForestRegressor,HistGradientBoostingRegressor
2026-09-25 03:28:10,桃園,2026-09-25 03:00:00,1,2026-09-25 04:00:00,,,,False,9.12,7.0,25.73,27.0,RandomForestRegressor,HistGradientBoostingRegressor
2026-09-25 01:28:40,桃園,2026-09-25 01:00:00,3,2026-09-25 04:00:00,,,,False,10.2,12.0,32.55,37.0,RandomForestRegressor,HistGradientBoostingRegressor
2026-09-25 04:31:01,桃園,2026-09-25 04:00:00,1,2026-09-25 05:00:00,,,,False,11.08,10.0,23.28,24.0,RandomForestRegressor,HistGradientBoostingRegressor
2026-09-25 02:33:24,桃園,2026-09-25 02:00:00,3,2026-09-25 05:00:00,,,,False,12.36,11.0,29.75,33.0,RandomForestRegressor,HistGradientBoostingRegressor
2026-09-25 05:28:12,桃園,2026-09-25 05:00:00,1,2026-09-25 06:00:00,,,,False,12.23,12.0,24.59,24.0,RandomForestRegressor,HistGradientBoostingRegressor
2026-09-25 03:28:10,桃園,2026-09-25 03:00:00,3,2026-09-25 06:00:00,,,,False,11.02,7.0,23.17,27.0,RandomForestRegressor,HistGradientBoostingRegressor
2026-09-25 06:29:02,桃園,2026-09-25 06:00:00,1,2026-09-25 07:00:00,,,,False,13.31,18.0,23.98,20.0,RandomForestRegressor,HistGradientBoostingRegressor
2026-09-25 04:31:01,桃園,2026-09-25 04:00:00,3,2026-09-25 07:00:00,,,,False,12.25,10.0,29.07,24.0,RandomForestRegressor,HistGradientBoostingRegressor
2026-09-25 07:27:38,桃園,2026-09-25 07:00:00,1,2026-09-25 08:00:00,,,,False,13.56,14.0,26.37,21.0,RandomForestRegressor,HistGradientBoostingRegressor
2026-09-25 05:28:12,桃園,2026-09-25 05:00:00,3,2026-09-25 08:00:00,,,,False,12.54,12.0,37.54,24.0,RandomForestRegressor,HistGradientBoostingRegressor
2026-09-25 08:37:40,桃園,2026-09-25 08:00:00,1,2026-09-25 09:00:00,,,,False,14.54,18.0,35.38,28.0,RandomForestRegressor,HistGradientBoostingRegressor
2026-09-25 06:29:02,桃園,2026-09-25 06:00:00,3,2026-09-25 09:00:00,,,,False,12.82,18.0,38.72,20.0,RandomForestRegressor,HistGradientBoostingRegressor
2026-09-25 09:27:39,桃園,2026-09-25 09:00:00,1,2026-09-25 10:00:00,,,,False,11.96,11.0,47.52,37.0,RandomForestRegressor,HistGradientBoostingRegressor
2026-09-25 07:27:38,桃園,2026-09-25 07:00:00,3,2026-09-25 10:00:00,,,,False,13.27,14.0,44.05,21.0,RandomForestRegressor,HistGradientBoostingRegressor
2026-09-25 10:29:29,桃園,2026-09-25 10:00:00,1,2026-09-25 11:00:00,,,,False,12.93,11.0,60.22,52.0,RandomForestRegressor,HistGradientBoostingRegressor
2026-09-25 08:37:40,桃園,2026-09-25 08:00:00,3,2026-09-25 11:00:00,,,,False,14.04,18.0,60.67,28.0,RandomForestRegressor,HistGradientBoostingRegressor
2026-09-25 11:29:21,桃園,2026-09-25 11:00:00,1,2026-09-25 12:00:00,,,,False,16.93,19.0,76.58,69.0,RandomForestRegressor,HistGradientBoostingRegressor
2026-09-25 09:27:39,桃園,2026-09-25 09:00:00,3,2026-09-25 12:00:00,,,,False,11.71,11.0,61.13,37.0,RandomForestRegressor,HistGradientBoostingRegressor
2026-09-25 12:30:42,桃園,2026-09-25 12:00:00,1,2026-09-25 13:00:00,,,,False,15.24,13.0,69.64,74.0,RandomForestRegressor,HistGradientBoostingRegressor
2026-09-25 10:29:29,桃園,2026-09-25 10:00:00,3,2026-09-25 13:00:00,,,,False,12.83,11.0,62.63,52.0,RandomForestRegressor,HistGradientBoostingRegressor
2026-09-25 13:29:06,桃園,2026-09-25 13:00:00,1,2026-09-25 14:00:00,,,,False,15.79,18.0,67.53,72.0,RandomForestRegressor,HistGradientBoostingRegressor
2026-09-25 11:29:21,桃園,2026-09-25 11:00:00,3,2026-09-25 14:00:00,,,,False,14.91,19.0,71.6,69.0,RandomForestRegressor,HistGradientBoostingRegressor
2026-09-25 14:36:40,桃園,2026-09-25 14:00:00,1,2026-09-25 15:00:00,,,,False,15.11,15.0,61.43,66.0,RandomForestRegressor,HistGradientBoostingRegressor
2026-09-25 12:30:42,桃園,2026-09-25 12:00:00,3,2026-09-25 15:00:00,,,,False,14.02,13.0,61.63,74.0,RandomForestRegressor,HistGradientBoostingRegressor
2026-09-25 15:30:43,桃園,2026-09-25 15:00:00,1,2026-09-25 16:00:00,,,,False,15.35,17.0,58.74,64.0,RandomForestRegressor,HistGradientBoostingRegressor
2026-09-25 13:29:06,桃園,2026-09-25 13:00:00,3,2026-09-25 16:00:00,,,,False,14.37,18.0,58.16,72.0,RandomForestRegressor,HistGradientBoostingRegressor
2026-09-25 16:32:11,桃園,2026-09-25 16:00:00,1,2026-09-25 17:00:00,,,,False,16.51,19.0,61.38,66.0,RandomForestRegressor,HistGradientBoostingRegressor
2026-09-25 14:36:40,桃園,2026-09-25 14:00:00,3,2026-09-25 17:00:00,,,,False,13.57,15.0,44.21,66.0,RandomForestRegressor,HistGradientBoostingRegressor
2026-09-25 17:31:18,桃園,2026-09-25 17:00:00,1,2026-09-25 18:00:00,,,,False,16.04,18.0,60.48,65.0,RandomForestRegressor,HistGradientBoostingRegressor
2026-09-25 15:30:43,桃園,2026-09-25 15:00:00,3,2026-09-25 18:00:00,,,,False,13.88,17.0,44.82,64.0,RandomForestRegressor,HistGradientBoostingRegressor
2026-09-25 18:30:42,桃園,2026-09-25 18:00:00,1,2026-09-25 19:00:00,,,,False,15.51,18.0,52.8,58.0,RandomForestRegressor,HistGradientBoostingRegressor
2026-09-25 16:32:11,桃園,2026-09-25 16:00:00,3,2026-09-25 19:00:00,,,,False,15.67,19.0,45.62,66.0,RandomForestRegressor,HistGradientBoostingRegressor
2026-09-25 19:30:00,桃園,2026-09-25 19:00:00,1,2026-09-25 20:00:00,,,,False,19.9,23.0,42.66,49.0,RandomForestRegressor,HistGradientBoostingRegressor
2026-09-25 17:31:18,桃園,2026-09-25 17:00:00,3,2026-09-25 20:00:00,,,,False,15.59,18.0,43.76,65.0,RandomForestRegressor,HistGradientBoostingRegressor
2026-09-25 20:36:03,桃園,2026-09-25 20:00:00,1,2026-09-25 21:00:00,,,,False,19.42,21.0,32.84,35.0,RandomForestRegressor,HistGradientBoostingRegressor
2026-09-25 18:30:42,桃園,2026-09-25 18:00:00,3,2026-09-25 21:00:00,,,,False,16.39,18.0,36.65,58.0,RandomForestRegressor,HistGradientBoostingRegressor
2026-09-25 21:31:27,桃園,2026-09-25 21:00:00,1,2026-09-25 22:00:00,,,,False,16.44,18.0,30.28,32.0,RandomForestRegressor,HistGradientBoostingRegressor
2026-09-25 19:30:00,桃園,2026-09-25 19:00:00,3,2026-09-25 22:00:00,,,,False,17.79,23.0,29.82,49.0,RandomForestRegressor,HistGradientBoostingRegressor
2026-09-25 22:31:55,桃園,2026-09-25 22:00:00,1,2026-09-25 23:00:00,,,,False,17.01,16.0,30.37,31.0,RandomForestRegressor,HistGradientBoostingRegressor
2026-09-25 20:36:03,桃園,2026-09-25 20:00:00,3,2026-09-25 23:00:00,,,,False,18.18,21.0,28.05,35.0,RandomForestRegressor,HistGradientBoostingRegressor
2026-09-25 23:30:44,桃園,2026-09-25 23:00:00,1,2026-09-26 00:00:00,,,,False,16.3,17.0,28.16,29.0,RandomForestRegressor,HistGradientBoostingRegressor
2026-09-25 21:31:27,桃園,2026-09-25 21:00:00,3,2026-09-26 00:00:00,,,,False,16.58,18.0,26.04,32.0,RandomForestRegressor,HistGradientBoostingRegressor
2026-09-26 00:31:51,桃園,2026-09-26 00:00:00,1,2026-09-26 01:00:00,,,,False,15.8,14.0,25.52,27.0,RandomForestRegressor,HistGradientBoostingRegressor
2026-09-25 22:31:55,桃園,2026-09-25 22:00:00,3,2026-09-26 01:00:00,,,,False,16.24,16.0,26.05,31.0,RandomForestRegressor,HistGradientBoostingRegressor
2026-09-26 01:29:31,桃園,2026-09-26 01:00:00,1,2026-09-26 02:00:00,,,,False,17.56,23.0,24.56,26.0,RandomForestRegressor,HistGradientBoostingRegressor
2026-09-25 23:30:44,桃園,2026-09-25 23:00:00,3,2026-09-26 02:00:00,,,,False,16.44,17.0,23.61,29.0,RandomForestRegressor,HistGradientBoostingRegressor
2026-09-26 02:32:02,桃園,2026-09-26 02:00:00,1,2026-09-26 03:00:00,,,,False,13.6,16.0,23.29,24.0,RandomForestRegressor,HistGradientBoostingRegressor
2026-09-26 00:31:51,桃園,2026-09-26 00:00:00,3,2026-09-26 03:00:00,,,,False,17.02,14.0,21.13,27.0,RandomForestRegressor,HistGradientBoostingRegressor
2026-09-26 03:27:47,桃園,2026-09-26 03:00:00,1,2026-09-26 04:00:00,,,,False,14.69,12.0,22.1,23.0,RandomForestRegressor,HistGradientBoostingRegressor
2026-09-26 01:29:31,桃園,2026-09-26 01:00:00,3,2026-09-26 04:00:00,,,,False,17.71,23.0,22.52,26.0,RandomForestRegressor,HistGradientBoostingRegressor
2026-09-26 04:29:07,桃園,2026-09-26 04:00:00,1,2026-09-26 05:00:00,,,,False,15.96,16.0,21.06,22.0,RandomForestRegressor,HistGradientBoostingRegressor
2026-09-26 02:32:02,桃園,2026-09-26 02:00:00,3,2026-09-26 05:00:00,,,,False,13.54,16.0,23.47,24.0,RandomForestRegressor,HistGradientBoostingRegressor
2026-09-26 05:29:05,桃園,2026-09-26 05:00:00,1,2026-09-26 06:00:00,,,,False,16.67,21.0,24.54,22.0,RandomForestRegressor,HistGradientBoostingRegressor
2026-09-26 03:27:47,桃園,2026-09-26 03:00:00,3,2026-09-26 06:00:00,,,,False,14.05,12.0,21.66,23.0,RandomForestRegressor,HistGradientBoostingRegressor
2026-09-26 06:29:02,桃園,2026-09-26 06:00:00,1,2026-09-26 07:00:00,,,,False,16.32,17.0,27.62,22.0,RandomForestRegressor,HistGradientBoostingRegressor
2026-09-26 04:29:07,桃園,2026-09-26 04:00:00,3,2026-09-26 07:00:00,,,,False,14.92,16.0,28.37,22.0,RandomForestRegressor,HistGradientBoostingRegressor
2026-09-26 07:27:08,桃園,2026-09-26 07:00:00,1,2026-09-26 08:00:00,,,,False,16.43,19.0,30.94,26.0,RandomForestRegressor,HistGradientBoostingRegressor
2026-09-26 05:29:05,桃園,2026-09-26 05:00:00,3,2026-09-26 08:00:00,,,,False,16.77,21.0,36.97,22.0,RandomForestRegressor,HistGradientBoostingRegressor
2026-09-26 08:35:59,桃園,2026-09-26 08:00:00,1,2026-09-26 09:00:00,,,,False,16.33,16.0,45.54,26.0,RandomForestRegressor,HistGradientBoostingRegressor
2026-09-26 06:29:02,桃園,2026-09-26 06:00:00,3,2026-09-26 09:00:00,,,,False,16.41,17.0,53.42,22.0,RandomForestRegressor,HistGradientBoostingRegressor
2026-09-26 09:27:49,桃園,2026-09-26 09:00:00,1,2026-09-26 10:00:00,,,,False,22.36,25.0,59.56,54.0,RandomForestRegressor,HistGradientBoostingRegressor
2026-09-26 07:27:08,桃園,2026-09-26 07:00:00,3,2026-09-26 10:00:00,,,,False,17.11,19.0,52.29,26.0,RandomForestRegressor,HistGradientBoostingRegressor
2026-09-26 10:29:00,桃園,2026-09-26 10:00:00,1,2026-09-26 11:00:00,,,,False,18.87,20.0,64.94,61.0,RandomForestRegressor,HistGradientBoostingRegressor
2026-09-26 08:35:59,桃園,2026-09-26 08:00:00,3,2026-09-26 11:00:00,,,,False,15.56,16.0,64.55,26.0,RandomForestRegressor,HistGradientBoostingRegressor
2026-09-26 11:29:20,桃園,2026-09-26 11:00:00,1,2026-09-26 12:00:00,,,,False,19.72,23.0,68.7,67.0,RandomForestRegressor,HistGradientBoostingRegressor
2026-09-26 09:27:49,桃園,2026-09-26 09:00:00,3,2026-09-26 12:00:00,,,,False,18.51,25.0,65.64,54.0,RandomForestRegressor,HistGradientBoostingRegressor
2026-09-26 12:29:47,桃園,2026-09-26 12:00:00,1,2026-09-26 13:00:00,,,,False,18.09,21.0,65.97,68.0,RandomForestRegressor,HistGradientBoostingRegressor
2026-09-26 10:29:00,桃園,2026-09-26 10:00:00,3,2026-09-26 13:00:00,,,,False,16.49,20.0,63.09,61.0,RandomForestRegressor,HistGradientBoostingRegressor
2026-09-26 13:28:13,桃園,2026-09-26 13:00:00,1,2026-09-26 14:00:00,,,,False,17.01,18.0,68.81,71.0,RandomForestRegressor,HistGradientBoostingRegressor
2026-09-26 11:29:20,桃園,2026-09-26 11:00:00,3,2026-09-26 14:00:00,,,,False,17.8,23.0,58.84,67.0,RandomForestRegressor,HistGradientBoostingRegressor
2026-09-26 14:34:31,桃園,2026-09-26 14:00:00,1,2026-09-26 15:00:00,,,,False,18.78,22.0,71.28,76.0,RandomForestRegressor,HistGradientBoostingRegressor
2026-09-26 12:29:47,桃園,2026-09-26 12:00:00,3,2026-09-26 15:00:00,,,,False,16.8,21.0,52.08,68.0,RandomForestRegressor,HistGradientBoostingRegressor
2026-09-26 15:28:18,桃園,2026-09-26 15:00:00,1,2026-09-26 16:00:00,,,,False,16.5,18.0,66.3,73.0,RandomForestRegressor,HistGradientBoostingRegressor
2026-09-26 13:28:13,桃園,2026-09-26 13:00:00,3,2026-09-26 16:00:00,,,,False,16.35,18.0,54.68,71.0,RandomForestRegressor,HistGradientBoostingRegressor
2026-09-26 16:30:23,桃園,2026-09-26 16:00:00,1,2026-09-26 17:00:00,,,,False,15.95,18.0,58.66,65.0,RandomForestRegressor,HistGradientBoostingRegressor
2026-09-26 14:34:31,桃園,2026-09-26 14:00:00,3,2026-09-26 17:00:00,,,,False,16.22,22.0,50.62,76.0,RandomForestRegressor,HistGradientBoostingRegressor
2026-09-26 17:28:47,桃園,2026-09-26 17:00:00,1,2026-09-26 18:00:00,,,,False,14.73,14.0,53.19,58.0,RandomForestRegressor,HistGradientBoostingRegressor
2026-09-26 15:28:18,桃園,2026-09-26 15:00:00,3,2026-09-26 18:00:00,,,,False,15.64,18.0,45.4,73.0,RandomForestRegressor,HistGradientBoostingRegressor
2026-09-26 18:28:25,桃園,2026-09-26 18:00:00,1,2026-09-26 19:00:00,,,,False,14.28,14.0,56.03,60.0,RandomForestRegressor,HistGradientBoostingRegressor
2026-09-26 16:30:23,桃園,2026-09-26 16:00:00,3,2026-09-26 19:00:00,,,,False,16.04,18.0,45.99,65.0,RandomForestRegressor,HistGradientBoostingRegressor
2026-09-26 19:27:55,桃園,2026-09-26 19:00:00,1,2026-09-26 20:00:00,,,,False,17.22,18.0,53.27,57.0,RandomForestRegressor,HistGradientBoostingRegressor
2026-09-26 17:28:47,桃園,2026-09-26 17:00:00,3,2026-09-26 20:00:00,,,,False,15.16,14.0,39.04,58.0,RandomForestRegressor,HistGradientBoostingRegressor
2026-09-26 20:33:37,桃園,2026-09-26 20:00:00,1,2026-09-26 21:00:00,,,,False,30.4,33.0,47.66,53.0,RandomForestRegressor,HistGradientBoostingRegressor
2026-09-26 18:28:25,桃園,2026-09-26 18:00:00,3,2026-09-26 21:00:00,,,,False,15.29,14.0,46.7,60.0,RandomForestRegressor,HistGradientBoostingRegressor
2026-09-26 21:27:31,桃園,2026-09-26 21:00:00,1,2026-09-26 22:00:00,,,,False,25.41,27.0,47.58,53.0,RandomForestRegressor,HistGradientBoostingRegressor
2026-09-26 19:27:55,桃園,2026-09-26 19:00:00,3,2026-09-26 22:00:00,,,,False,17.54,18.0,39.98,57.0,RandomForestRegressor,HistGradientBoostingRegressor
2026-09-26 22:29:06,桃園,2026-09-26 22:00:00,1,2026-09-26 23:00:00,,,,False,29.89,32.0,43.83,48.0,RandomForestRegressor,HistGradientBoostingRegressor
2026-09-26 20:33:37,桃園,2026-09-26 20:00:00,3,2026-09-26 23:00:00,,,,False,24.55,33.0,35.75,53.0,RandomForestRegressor,HistGradientBoostingRegressor
2026-09-26 23:29:09,桃園,2026-09-26 23:00:00,1,2026-09-27 00:00:00,,,,False,28.11,29.0,42.6,46.0,RandomForestRegressor,HistGradientBoostingRegressor
2026-09-26 21:27:31,桃園,2026-09-26 21:00:00,3,2026-09-27 00:00:00,,,,False,22.34,27.0,37.0,53.0,RandomForestRegressor,HistGradientBoostingRegressor
2026-09-27 00:29:57,桃園,2026-09-27 00:00:00,1,2026-09-27 01:00:00,,,,False,30.75,32.0,39.84,43.0,RandomForestRegressor,HistGradientBoostingRegressor
2026-09-26 22:29:06,桃園,2026-09-26 22:00:00,3,2026-09-27 01:00:00,,,,False,25.0,32.0,36.53,48.0,RandomForestRegressor,HistGradientBoostingRegressor
2026-09-27 01:28:35,桃園,2026-09-27 01:00:00,1,2026-09-27 02:00:00,,,,False,32.07,36.0,34.36,36.0,RandomForestRegressor,HistGradientBoostingRegressor
2026-09-26 23:29:09,桃園,2026-09-26 23:00:00,3,2026-09-27 02:00:00,,,,False,23.58,29.0,35.02,46.0,RandomForestRegressor,HistGradientBoostingRegressor
2026-09-27 02:32:23,桃園,2026-09-27 02:00:00,1,2026-09-27 03:00:00,,,,False,21.44,26.0,36.43,36.0,RandomForestRegressor,HistGradientBoostingRegressor
2026-09-27 00:29:57,桃園,2026-09-27 00:00:00,3,2026-09-27 03:00:00,,,,False,25.02,32.0,34.2,43.0,RandomForestRegressor,HistGradientBoostingRegressor
2026-09-27 03:26:55,桃園,2026-09-27 03:00:00,1,2026-09-27 04:00:00,,,,False,19.97,21.0,39.42,43.0,RandomForestRegressor,HistGradientBoostingRegressor
2026-09-27 01:28:35,桃園,2026-09-27 01:00:00,3,2026-09-27 04:00:00,,,,False,23.82,36.0,28.23,36.0,RandomForestRegressor,HistGradientBoostingRegressor
2026-09-27 04:28:24,桃園,2026-09-27 04:00:00,1,2026-09-27 05:00:00,,,,False,19.26,18.0,35.33,38.0,RandomForestRegressor,HistGradientBoostingRegressor
2026-09-27 02:32:23,桃園,2026-09-27 02:00:00,3,2026-09-27 05:00:00,,,,False,19.74,26.0,32.23,36.0,RandomForestRegressor,HistGradientBoostingRegressor
2026-09-27 05:28:45,桃園,2026-09-27 05:00:00,1,2026-09-27 06:00:00,,,,False,15.78,18.0,33.61,35.0,RandomForestRegressor,HistGradientBoostingRegressor
2026-09-27 03:26:55,桃園,2026-09-27 03:00:00,3,2026-09-27 06:00:00,,,,False,18.62,21.0,35.87,43.0,RandomForestRegressor,HistGradientBoostingRegressor
2026-09-27 06:28:22,桃園,2026-09-27 06:00:00,1,2026-09-27 07:00:00,,,,False,18.45,20.0,34.73,31.0,RandomForestRegressor,HistGradientBoostingRegressor
2026-09-27 04:28:24,桃園,2026-09-27 04:00:00,3,2026-09-27 07:00:00,,,,False,16.58,18.0,37.27,38.0,RandomForestRegressor,HistGradientBoostingRegressor
2026-09-27 07:27:36,桃園,2026-09-27 07:00:00,1,2026-09-27 08:00:00,,,,False,20.49,22.0,37.74,33.0,RandomForestRegressor,HistGradientBoostingRegressor
2026-09-27 05:28:45,桃園,2026-09-27 05:00:00,3,2026-09-27 08:00:00,,,,False,15.8,18.0,42.58,35.0,RandomForestRegressor,HistGradientBoostingRegressor
2026-09-27 08:38:28,桃園,2026-09-27 08:00:00,1,2026-09-27 09:00:00,,,,False,17.43,20.0,38.57,33.0,RandomForestRegressor,HistGradientBoostingRegressor
2026-09-27 06:28:22,桃園,2026-09-27 06:00:00,3,2026-09-27 09:00:00,,,,False,17.91,20.0,45.49,31.0,RandomForestRegressor,HistGradientBoostingRegressor
2026-09-27 09:28:53,桃園,2026-09-27 09:00:00,1,2026-09-27 10:00:00,,,,False,14.99,16.0,49.39,42.0,RandomForestRegressor,HistGradientBoostingRegressor
2026-09-27 07:27:36,桃園,2026-09-27 07:00:00,3,2026-09-27 10:00:00,,,,False,18.99,22.0,50.23,33.0,RandomForestRegressor,HistGradientBoostingRegressor
2026-09-27 10:30:22,桃園,2026-09-27 10:00:00,1,2026-09-27 11:00:00,,,,False,12.93,12.0,52.48,49.0,RandomForestRegressor,HistGradientBoostingRegressor
2026-09-27 08:38:28,桃園,2026-09-27 08:00:00,3,2026-09-27 11:00:00,,,,False,17.95,20.0,58.34,33.0,RandomForestRegressor,HistGradientBoostingRegressor
2026-09-27 11:30:34,桃園,2026-09-27 11:00:00,1,2026-09-27 12:00:00,,,,False,12.78,13.0,60.9,59.0,RandomForestRegressor,HistGradientBoostingRegressor
2026-09-27 09:28:53,桃園,2026-09-27 09:00:00,3,2026-09-27 12:00:00,,,,False,15.54,16.0,58.7,42.0,RandomForestRegressor,HistGradientBoostingRegressor
2026-09-27 12:30:07,桃園,2026-09-27 12:00:00,1,2026-09-27 13:00:00,,,,False,11.98,11.0,56.9,58.0,RandomForestRegressor,HistGradientBoostingRegressor
2026-09-27 10:30:22,桃園,2026-09-27 10:00:00,3,2026-09-27 13:00:00,,,,False,14.29,12.0,55.76,49.0,RandomForestRegressor,HistGradientBoostingRegressor
2026-09-27 13:28:58,桃園,2026-09-27 13:00:00,1,2026-09-27 14:00:00,,,,False,11.61,11.0,61.07,62.0,RandomForestRegressor,HistGradientBoostingRegressor
2026-09-27 11:30:34,桃園,2026-09-27 11:00:00,3,2026-09-27 14:00:00,,,,False,12.13,13.0,51.86,59.0,RandomForestRegressor,HistGradientBoostingRegressor
2026-09-27 14:35:21,桃園,2026-09-27 14:00:00,1,2026-09-27 15:00:00,,,,False,13.21,14.0,66.14,67.0,RandomForestRegressor,HistGradientBoostingRegressor
2026-09-27 12:30:07,桃園,2026-09-27 12:00:00,3,2026-09-27 15:00:00,,,,False,12.19,11.0,49.81,58.0,RandomForestRegressor,HistGradientBoostingRegressor
2026-09-27 15:29:08,桃園,2026-09-27 15:00:00,1,2026-09-27 16:00:00,,,,False,14.49,18.0,60.82,64.0,RandomForestRegressor,HistGradientBoostingRegressor
2026-09-27 13:28:58,桃園,2026-09-27 13:00:00,3,2026-09-27 16:00:00,,,,False,11.73,11.0,48.32,62.0,RandomForestRegressor,HistGradientBoostingRegressor
2026-09-27 16:30:52,桃園,2026-09-27 16:00:00,1,2026-09-27 17:00:00,,,,False,15.22,16.0,58.75,64.0,RandomForestRegressor,HistGradientBoostingRegressor
2026-09-27 14:35:21,桃園,2026-09-27 14:00:00,3,2026-09-27 17:00:00,,,,False,13.22,14.0,47.85,67.0,RandomForestRegressor,HistGradientBoostingRegressor
2026-09-27 17:29:08,桃園,2026-09-27 17:00:00,1,2026-09-27 18:00:00,,,,False,15.37,17.0,59.54,63.0,RandomForestRegressor,HistGradientBoostingRegressor
2026-09-27 15:29:08,桃園,2026-09-27 15:00:00,3,2026-09-27 18:00:00,,,,False,15.31,18.0,46.42,64.0,RandomForestRegressor,HistGradientBoostingRegressor
2026-09-27 18:28:45,桃園,2026-09-27 18:00:00,1,2026-09-27 19:00:00,,,,False,16.83,18.0,56.01,61.0,RandomForestRegressor,HistGradientBoostingRegressor
2026-09-27 16:30:52,桃園,2026-09-27 16:00:00,3,2026-09-27 19:00:00,,,,False,15.83,16.0,47.04,64.0,RandomForestRegressor,HistGradientBoostingRegressor
2026-09-27 19:28:47,桃園,2026-09-27 19:00:00,1,2026-09-27 20:00:00,,,,False,19.67,21.0,53.46,59.0,RandomForestRegressor,HistGradientBoostingRegressor
2026-09-27 17:29:08,桃園,2026-09-27 17:00:00,3,2026-09-27 20:00:00,,,,False,15.89,17.0,46.58,63.0,RandomForestRegressor,HistGradientBoostingRegressor
2026-09-27 20:34:52,桃園,2026-09-27 20:00:00,1,2026-09-27 21:00:00,,,,False,20.63,20.0,49.32,56.0,RandomForestRegressor,HistGradientBoostingRegressor
2026-09-27 18:28:45,桃園,2026-09-27 18:00:00,3,2026-09-27 21:00:00,,,,False,18.48,18.0,45.4,61.0,RandomForestRegressor,HistGradientBoostingRegressor
2026-09-27 21:28:26,桃園,2026-09-27 21:00:00,1,2026-09-27 22:00:00,,,,False,21.18,25.0,48.77,54.0,RandomForestRegressor,HistGradientBoostingRegressor
2026-09-27 19:28:47,桃園,2026-09-27 19:00:00,3,2026-09-27 22:00:00,,,,False,20.49,21.0,40.85,59.0,RandomForestRegressor,HistGradientBoostingRegressor
2026-09-27 22:28:32,桃園,2026-09-27 22:00:00,1,2026-09-27 23:00:00,,,,False,21.2,18.0,46.71,51.0,RandomForestRegressor,HistGradientBoostingRegressor
2026-09-27 20:34:52,桃園,2026-09-27 20:00:00,3,2026-09-27 23:00:00,,,,False,20.75,20.0,39.2,56.0,RandomForestRegressor,HistGradientBoostingRegressor
2026-09-27 23:28:57,桃園,2026-09-27 23:00:00,1,2026-09-28 00:00:00,,,,False,20.39,21.0,46.77,52.0,RandomForestRegressor,HistGradientBoostingRegressor
2026-09-27 21:28:26,桃園,2026-09-27 21:00:00,3,2026-09-28 00:00:00,,,,False,20.28,25.0,40.24,54.0,RandomForestRegressor,HistGradientBoostingRegressor
2026-09-28 00:30:12,桃園,2026-09-28 00:00:00,1,2026-09-28 01:00:00,,,,False,20.7,22.0,39.23,43.0,RandomForestRegressor,HistGradientBoostingRegressor
2026-09-27 22:28:32,桃園,2026-09-27 22:00:00,3,2026-09-28 01:00:00,,,,False,19.2,18.0,36.65,51.0,RandomForestRegressor,HistGradientBoostingRegressor
2026-09-28 01:28:05,桃園,2026-09-28 01:00:00,1,2026-09-28 02:00:00,,,,False,20.21,24.0,36.71,39.0,RandomForestRegressor,HistGradientBoostingRegressor
2026-09-27 23:28:57,桃園,2026-09-27 23:00:00,3,2026-09-28 02:00:00,,,,False,20.24,21.0,38.8,52.0,RandomForestRegressor,HistGradientBoostingRegressor
2026-09-28 02:32:27,桃園,2026-09-28 02:00:00,1,2026-09-28 03:00:00,,,,False,19.89,21.0,34.17,37.0,RandomForestRegressor,HistGradientBoostingRegressor
2026-09-28 00:30:12,桃園,2026-09-28 00:00:00,3,2026-09-28 03:00:00,,,,False,20.63,22.0,34.76,43.0,RandomForestRegressor,HistGradientBoostingRegressor
2026-09-28 03:27:12,桃園,2026-09-28 03:00:00,1,2026-09-28 04:00:00,,,,False,20.95,25.0,35.14,36.0,RandomForestRegressor,HistGradientBoostingRegressor
2026-09-28 01:28:05,桃園,2026-09-28 01:00:00,3,2026-09-28 04:00:00,,,,False,19.65,24.0,33.22,39.0,RandomForestRegressor,HistGradientBoostingRegressor
2026-09-28 04:28:44,桃園,2026-09-28 04:00:00,1,2026-09-28 05:00:00,,,,False,17.12,20.0,32.92,34.0,RandomForestRegressor,HistGradientBoostingRegressor
2026-09-28 02:32:27,桃園,2026-09-28 02:00:00,3,2026-09-28 05:00:00,,,,False,19.39,21.0,31.42,37.0,RandomForestRegressor,HistGradientBoostingRegressor
2026-09-28 05:28:41,桃園,2026-09-28 05:00:00,1,2026-09-28 06:00:00,,,,False,15.64,16.0,32.53,33.0,RandomForestRegressor,HistGradientBoostingRegressor
2026-09-28 03:27:12,桃園,2026-09-28 03:00:00,3,2026-09-28 06:00:00,,,,False,20.22,25.0,35.96,36.0,RandomForestRegressor,HistGradientBoostingRegressor
2026-09-28 06:29:16,桃園,2026-09-28 06:00:00,1,2026-09-28 07:00:00,,,,False,12.79,9.0,29.44,25.0,RandomForestRegressor,HistGradientBoostingRegressor
2026-09-28 04:28:44,桃園,2026-09-28 04:00:00,3,2026-09-28 07:00:00,,,,False,17.93,20.0,39.71,34.0,RandomForestRegressor,HistGradientBoostingRegressor
2026-09-28 07:27:41,桃園,2026-09-28 07:00:00,1,2026-09-28 08:00:00,,,,False,14.77,17.0,33.24,27.0,RandomForestRegressor,HistGradientBoostingRegressor
2026-09-28 05:28:41,桃園,2026-09-28 05:00:00,3,2026-09-28 08:00:00,,,,False,16.28,16.0,46.82,33.0,RandomForestRegressor,HistGradientBoostingRegressor
2026-09-28 08:39:56,桃園,2026-09-28 08:00:00,1,2026-09-28 09:00:00,,,,False,12.99,12.0,35.47,29.0,RandomForestRegressor,HistGradientBoostingRegressor
2026-09-28 06:29:16,桃園,2026-09-28 06:00:00,3,2026-09-28 09:00:00,,,,False,14.07,9.0,46.19,25.0,RandomForestRegressor,HistGradientBoostingRegressor
2026-09-28 09:30:06,桃園,2026-09-28 09:00:00,1,2026-09-28 10:00:00,,,,False,12.72,14.0,49.57,40.0,RandomForestRegressor,HistGradientBoostingRegressor
2026-09-28 07:27:41,桃園,2026-09-28 07:00:00,3,2026-09-28 10:00:00,,,,False,13.82,17.0,49.69,27.0,RandomForestRegressor,HistGradientBoostingRegressor
2026-09-28 10:31:22,桃園,2026-09-28 10:00:00,1,2026-09-28 11:00:00,,,,False,10.57,11.0,42.29,39.0,RandomForestRegressor,HistGradientBoostingRegressor
2026-09-28 08:39:56,桃園,2026-09-28 08:00:00,3,2026-09-28 11:00:00,,,,False,12.98,12.0,61.68,29.0,RandomForestRegressor,HistGradientBoostingRegressor
2026-09-28 11:32:49,桃園,2026-09-28 11:00:00,1,2026-09-28 12:00:00,,,,False,8.49,7.0,53.17,46.0,RandomForestRegressor,HistGradientBoostingRegressor
2026-09-28 09:30:06,桃園,2026-09-28 09:00:00,3,2026-09-28 12:00:00,,,,False,13.56,14.0,60.73,40.0,RandomForestRegressor,HistGradientBoostingRegressor
2026-09-28 13:31:46,桃園,2026-09-28 12:00:00,1,2026-09-28 13:00:00,,,,False,6.79,4.0,45.98,46.0,RandomForestRegressor,HistGradientBoostingRegressor
2026-09-28 10:31:22,桃園,2026-09-28 10:00:00,3,2026-09-28 13:00:00,,,,False,11.07,11.0,49.97,39.0,RandomForestRegressor,HistGradientBoostingRegressor
2026-09-28 11:32:49,桃園,2026-09-28 11:00:00,3,2026-09-28 14:00:00,,,,False,10.04,7.0,49.02,46.0,RandomForestRegressor,HistGradientBoostingRegressor
2026-09-28 14:40:12,桃園,2026-09-28 14:00:00,1,2026-09-28 15:00:00,,,,False,6.3,5.0,68.34,46.0,RandomForestRegressor,HistGradientBoostingRegressor
2026-09-28 13:31:46,桃園,2026-09-28 12:00:00,3,2026-09-28 15:00:00,,,,False,8.87,4.0,40.01,46.0,RandomForestRegressor,HistGradientBoostingRegressor
2026-09-28 15:33:09,桃園,2026-09-28 15:00:00,1,2026-09-28 16:00:00,,,,False,8.69,7.0,61.31,61.0,RandomForestRegressor,HistGradientBoostingRegressor
2026-09-28 16:34:41,桃園,2026-09-28 16:00:00,1,2026-09-28 17:00:00,,,,False,9.9,9.0,53.68,59.0,RandomForestRegressor,HistGradientBoostingRegressor
2026-09-28 14:40:12,桃園,2026-09-28 14:00:00,3,2026-09-28 17:00:00,,,,False,6.43,5.0,56.77,46.0,RandomForestRegressor,HistGradientBoostingRegressor
2026-09-28 17:34:33,桃園,2026-09-28 17:00:00,1,2026-09-28 18:00:00,,,,False,8.1,6.0,46.52,52.0,RandomForestRegressor,HistGradientBoostingRegressor
2026-09-28 15:33:09,桃園,2026-09-28 15:00:00,3,2026-09-28 18:00:00,,,,False,9.45,7.0,42.01,61.0,RandomForestRegressor,HistGradientBoostingRegressor
2026-09-28 18:33:05,桃園,2026-09-28 18:00:00,1,2026-09-28 19:00:00,,,,False,7.34,5.0,42.57,46.0,RandomForestRegressor,HistGradientBoostingRegressor
2026-09-28 16:34:41,桃園,2026-09-28 16:00:00,3,2026-09-28 19:00:00,,,,False,9.41,9.0,36.36,59.0,RandomForestRegressor,HistGradientBoostingRegressor
2026-09-28 19:32:50,桃園,2026-09-28 19:00:00,1,2026-09-28 20:00:00,,,,False,13.11,14.0,41.35,44.0,RandomForestRegressor,HistGradientBoostingRegressor
2026-09-28 17:34:33,桃園,2026-09-28 17:00:00,3,2026-09-28 20:00:00,,,,False,9.58,6.0,39.9,52.0,RandomForestRegressor,HistGradientBoostingRegressor
2026-09-28 20:39:18,桃園,2026-09-28 20:00:00,1,2026-09-28 21:00:00,,,,False,10.64,9.0,40.06,44.0,RandomForestRegressor,HistGradientBoostingRegressor
2026-09-28 18:33:05,桃園,2026-09-28 18:00:00,3,2026-09-28 21:00:00,,,,False,7.77,5.0,38.85,46.0,RandomForestRegressor,HistGradientBoostingRegressor
2026-09-28 21:33:19,桃園,2026-09-28 21:00:00,1,2026-09-28 22:00:00,,,,False,12.61,14.0,36.86,40.0,RandomForestRegressor,HistGradientBoostingRegressor
2026-09-28 19:32:50,桃園,2026-09-28 19:00:00,3,2026-09-28 22:00:00,,,,False,13.89,14.0,36.59,44.0,RandomForestRegressor,HistGradientBoostingRegressor
2026-09-28 22:34:55,桃園,2026-09-28 22:00:00,1,2026-09-28 23:00:00,,,,False,13.55,13.0,34.57,37.0,RandomForestRegressor,HistGradientBoostingRegressor
2026-09-28 20:39:18,桃園,2026-09-28 20:00:00,3,2026-09-28 23:00:00,,,,False,12.45,9.0,36.3,44.0,RandomForestRegressor,HistGradientBoostingRegressor
2026-09-28 23:33:58,桃園,2026-09-28 23:00:00,1,2026-09-29 00:00:00,,,,False,13.32,12.0,35.01,38.0,RandomForestRegressor,HistGradientBoostingRegressor
2026-09-28 21:33:19,桃園,2026-09-28 21:00:00,3,2026-09-29 00:00:00,,,,False,12.79,14.0,31.5,40.0,RandomForestRegressor,HistGradientBoostingRegressor
2026-09-29 00:33:45,桃園,2026-09-29 00:00:00,1,2026-09-29 01:00:00,,,,False,12.27,12.0,32.56,34.0,RandomForestRegressor,HistGradientBoostingRegressor
2026-09-28 22:34:55,桃園,2026-09-28 22:00:00,3,2026-09-29 01:00:00,,,,False,13.77,13.0,31.25,37.0,RandomForestRegressor,HistGradientBoostingRegressor
2026-09-29 01:31:11,桃園,2026-09-29 01:00:00,1,2026-09-29 02:00:00,,,,False,11.95,13.0,33.6,35.0,RandomForestRegressor,HistGradientBoostingRegressor
2026-09-28 23:33:58,桃園,2026-09-28 23:00:00,3,2026-09-29 02:00:00,,,,False,13.43,12.0,30.9,38.0,RandomForestRegressor,HistGradientBoostingRegressor
2026-09-29 02:35:45,桃園,2026-09-29 02:00:00,1,2026-09-29 03:00:00,,,,False,12.77,11.0,29.99,31.0,RandomForestRegressor,HistGradientBoostingRegressor
2026-09-29 00:33:45,桃園,2026-09-29 00:00:00,3,2026-09-29 03:00:00,,,,False,12.59,12.0,29.32,34.0,RandomForestRegressor,HistGradientBoostingRegressor
2026-09-29 01:31:11,桃園,2026-09-29 01:00:00,3,2026-09-29 04:00:00,,,,False,11.97,13.0,29.51,35.0,RandomForestRegressor,HistGradientBoostingRegressor
2026-09-29 02:35:45,桃園,2026-09-29 02:00:00,3,2026-09-29 05:00:00,,,,False,12.51,11.0,26.25,31.0,RandomForestRegressor,HistGradientBoostingRegressor
